timestamp,trade_id,symbol,direction,entry_price,exit_price,pnl,balance,exit_reason,ticks_held,spike_detected
2026-06-02 12:28:58,3fd26b2c,BOOM1000,BUY,14050.149,14050.049,-0.1,999.9,Max exit timeout (10 ticks passed),10,False
2026-06-02 12:28:58,0f50bf98,BOOM1000,BUY,14050.009,14049.883,-0.13,999.77,Max exit timeout (10 ticks passed),10,False
2026-06-02 12:28:58,b3cc1bdf,BOOM1000,BUY,14049.881,14049.772,-0.11,999.67,Max exit timeout (10 ticks passed),10,False
2026-06-02 12:29:02,5135b59c,BOOM1000,BUY,14050.149,14050.049,-0.1,999.9,Max exit timeout (10 ticks passed),10,False
2026-06-02 12:29:02,753acda2,BOOM1000,BUY,14050.009,14049.883,-0.13,999.77,Max exit timeout (10 ticks passed),10,False
2026-06-02 12:29:02,fbf3f639,BOOM1000,BUY,14049.881,14049.772,-0.11,999.67,Max exit timeout (10 ticks passed),10,False
2026-06-02 12:29:04,fdf4eaaa,BOOM1000,BUY,14050.149,14050.049,-0.1,999.9,Max exit timeout (10 ticks passed),10,False
2026-06-02 12:29:04,7580b609,BOOM1000,BUY,14050.009,14049.883,-0.13,999.77,Max exit timeout (10 ticks passed),10,False
2026-06-02 12:29:05,bc43219e,BOOM1000,BUY,14049.881,14049.772,-0.11,999.67,Max exit timeout (10 ticks passed),10,False
2026-06-02 12:29:07,e1940474,BOOM1000,BUY,14050.149,14050.049,-0.1,999.9,Max exit timeout (10 ticks passed),10,False
2026-06-02 12:29:07,6a585a15,BOOM1000,BUY,14050.009,14049.883,-0.13,999.77,Max exit timeout (10 ticks passed),10,False
2026-06-02 12:29:07,34a7e845,BOOM1000,BUY,14049.881,14049.772,-0.11,999.67,Max exit timeout (10 ticks passed),10,False
2026-06-02 12:29:09,c4428d30,BOOM1000,BUY,14050.149,14050.049,-0.1,999.9,Max exit timeout (10 ticks passed),10,False
2026-06-02 12:29:09,9bd5f4c2,BOOM1000,BUY,14050.009,14049.883,-0.13,999.77,Max exit timeout (10 ticks passed),10,False
2026-06-02 12:29:09,ae0d6348,BOOM1000,BUY,14049.881,14049.772,-0.11,999.67,Max exit timeout (10 ticks passed),10,False
2026-06-02 12:29:12,7fdfb84c,BOOM1000,BUY,14050.149,14050.049,-0.1,999.9,Max exit timeout (10 ticks passed),10,False
2026-06-02 12:29:12,5fe8644e,BOOM1000,BUY,14050.009,14049.883,-0.13,999.77,Max exit timeout (10 ticks passed),10,False
2026-06-02 12:29:12,349ffcc0,BOOM1000,BUY,14049.881,14049.772,-0.11,999.67,Max exit timeout (10 ticks passed),10,False
2026-06-02 12:29:14,502c9c6c,BOOM1000,SELL,5689.802,5689.858,-0.06,999.94,Max exit timeout (10 ticks passed),10,False
2026-06-02 12:29:14,5a4d0d71,BOOM1000,SELL,5689.86,5689.906,-0.05,999.9,Max exit timeout (10 ticks passed),10,False
2026-06-02 12:29:14,9892be37,BOOM1000,SELL,5689.908,5689.949,-0.04,999.86,Max exit timeout (10 ticks passed),10,False
2026-06-02 12:29:17,738504f9,BOOM1000,SELL,5689.802,5689.858,-0.06,999.94,Max exit timeout (10 ticks passed),10,False
2026-06-02 12:29:17,3882b0c5,BOOM1000,SELL,5689.86,5689.906,-0.05,999.9,Max exit timeout (10 ticks passed),10,False
2026-06-02 12:29:17,00110fe5,BOOM1000,SELL,5689.908,5689.949,-0.04,999.86,Max exit timeout (10 ticks passed),10,False
2026-06-02 12:29:19,6050159e,BOOM1000,SELL,5689.802,5689.858,-0.06,999.94,Max exit timeout (10 ticks passed),10,False
2026-06-02 12:29:19,d183a867,BOOM1000,SELL,5689.86,5689.906,-0.05,999.9,Max exit timeout (10 ticks passed),10,False
2026-06-02 12:29:19,13394070,BOOM1000,SELL,5689.908,5689.949,-0.04,999.86,Max exit timeout (10 ticks passed),10,False
2026-06-02 12:29:22,ff0eb7f0,BOOM1000,SELL,5689.802,5689.858,-0.06,999.94,Max exit timeout (10 ticks passed),10,False
2026-06-02 12:29:22,6035d6a8,BOOM1000,SELL,5689.86,5689.906,-0.05,999.9,Max exit timeout (10 ticks passed),10,False
2026-06-02 12:29:22,aee75767,BOOM1000,SELL,5689.908,5689.949,-0.04,999.86,Max exit timeout (10 ticks passed),10,False
2026-06-02 12:29:24,7000e0cd,BOOM1000,SELL,5689.802,5689.858,-0.06,999.94,Max exit timeout (10 ticks passed),10,False
2026-06-02 12:29:24,3dd3188b,BOOM1000,SELL,5689.86,5689.906,-0.05,999.9,Max exit timeout (10 ticks passed),10,False
2026-06-02 12:29:24,16589713,BOOM1000,SELL,5689.908,5689.949,-0.04,999.86,Max exit timeout (10 ticks passed),10,False
2026-06-02 12:29:27,e2d5d624,BOOM1000,SELL,5689.802,5689.858,-0.06,999.94,Max exit timeout (10 ticks passed),10,False
2026-06-02 12:29:27,b983e10c,BOOM1000,SELL,5689.86,5689.906,-0.05,999.9,Max exit timeout (10 ticks passed),10,False
2026-06-02 12:29:27,2f79cf1e,BOOM1000,SELL,5689.908,5689.949,-0.04,999.86,Max exit timeout (10 ticks passed),10,False
2026-06-02 16:52:15,f68ea40d,BOOM1000,BUY,14064.162,14064.001,-0.16,999.84,Max exit timeout (10 ticks passed),10,False
2026-06-02 16:52:15,997928dc,BOOM1000,BUY,14064.0,14063.87,-0.13,999.71,Max exit timeout (10 ticks passed),10,False
2026-06-02 16:52:15,f6542186,BOOM1000,BUY,14063.857,14063.737,-0.12,999.59,Max exit timeout (10 ticks passed),10,False
2026-06-02 16:52:42,42cd266b,BOOM1000,BUY,14064.162,14064.001,-0.16,999.84,Max exit timeout (10 ticks passed),10,False
2026-06-02 16:52:42,87e797e1,BOOM1000,BUY,14064.0,14063.87,-0.13,999.71,Max exit timeout (10 ticks passed),10,False
2026-06-02 16:52:42,26b32f4e,BOOM1000,BUY,14063.857,14063.737,-0.12,999.59,Max exit timeout (10 ticks passed),10,False
2026-06-03 15:45:39,b7b6e7f7,BOOM1000,BUY,14189.999,14189.884,-0.11,999.89,Max exit timeout (10 ticks passed),10,False
2026-06-03 15:45:50,48f8970d,BOOM1000,BUY,14189.873,14189.745,-0.13,999.76,Max exit timeout (10 ticks passed),10,False
2026-06-03 15:46:01,d705bad9,BOOM1000,BUY,14189.735,14189.541,-0.19,999.56,Max exit timeout (10 ticks passed),10,False
2026-06-03 15:56:05,9f8f3461,BOOM1000,BUY,14182.078,14180.955,-1.12,998.88,Timeout (80 ticks),80,False
2026-06-03 15:57:26,aa7bb4ad,BOOM1000,BUY,14180.955,14179.871,-1.08,997.79,Timeout (80 ticks),80,False
2026-06-03 15:58:47,edb39457,BOOM1000,BUY,14179.863,14178.74,-1.12,996.67,Timeout (80 ticks),80,False
2026-06-03 16:00:08,4161ec31,BOOM1000,BUY,14178.734,14177.625,-1.11,995.56,Timeout (80 ticks),80,False
2026-06-03 16:01:29,834c4a68,BOOM1000,BUY,14177.62,14176.506,-1.11,994.45,Timeout (80 ticks),80,False
2026-06-03 16:05:50,d746e39b,BOOM1000,BUY,14174.059,14173.012,-1.05,993.4,Timeout (80 ticks),80,False
2026-06-03 16:07:11,91246cdb,BOOM1000,BUY,14173.004,14171.859,-1.15,992.25,Timeout (80 ticks),80,False
2026-06-03 16:08:32,88eeec3e,BOOM1000,BUY,14171.857,14170.598,-1.26,991.0,Timeout (80 ticks),80,False
2026-06-03 16:12:32,6c0c812d,BOOM1000,BUY,14168.88,14166.983,-1.9,998.1,Timeout (120 ticks),120,False
2026-06-03 16:13:19,83948fe3,BOOM1000,BUY,14166.944,14168.139,1.19,999.3,SPIKE CAPTURED — profitable execution,46,True
2026-06-03 16:15:23,05675d03,BOOM1000,BUY,14168.087,14166.627,-1.46,997.84,Timeout (120 ticks),120,False
2026-06-03 16:17:24,8964fd7d,BOOM1000,BUY,14166.623,14164.795,-1.83,996.01,Timeout (120 ticks),120,False
2026-06-03 16:19:25,6f07c446,BOOM1000,BUY,14164.793,14163.157,-1.64,994.37,Timeout (120 ticks),120,False
2026-06-03 16:21:26,9eb90721,BOOM1000,BUY,14163.139,14161.5,-1.64,992.74,Timeout (120 ticks),120,False
